title,year,genres,imdb_rating,local_gross,worldwide_gross,budget,opening_weekend,url
"My Teacher, Mr. Kim",2003,"['Back to top', 'Drama', 'Comedy']",6.4,N/A,"$17,778",N/A,N/A,https://www.imdb.com/title/tt0358691/
General Hospital: The Movie - A Thousand Days,2000,"['Back to top', 'Romance']",5.2,N/A,N/A,N/A,N/A,https://www.imdb.com/title/tt0305699/
Hammerboy,2003,"['Adventure', 'Anime', 'Back to top', 'Sci-Fi', 'Animation', 'Action']",5.2,N/A,N/A,N/A,N/A,https://www.imdb.com/title/tt0418867/
The Warrior,2001,"['Wuxia', 'History', 'Drama', 'Back to top', 'War', 'Action']",7.1,N/A,"$945,922","BND 8,000,000 (estimated)",N/A,https://www.imdb.com/title/tt0275083/
The Classic,2003,"['Tragedy', 'Tragic Romance', 'Drama', 'Back to top', 'Romance', 'Period Drama']",7.7,N/A,"$828,261",N/A,N/A,https://www.imdb.com/title/tt0348568/
Blue,2003,"['Back to top', 'Action', 'Drama', 'War']",5.4,N/A,"$997,715",N/A,N/A,https://www.imdb.com/title/tt0348551/
A Day,2001,"['Back to top', 'Drama', 'Romance']",6.6,N/A,N/A,N/A,N/A,https://www.imdb.com/title/tt0291847/
My Right to Ravage Myself,2003,"['Back to top', 'Drama']",6.5,N/A,"$8,760",N/A,N/A,https://www.imdb.com/title/tt0422805/
R.U. Ready?,2002,"['Back to top', 'Fantasy', 'Adventure']",5.0,N/A,"$245,148",N/A,N/A,https://www.imdb.com/title/tt0323753/
Please Teach Me English,2003,"['Romance', 'Back to top', 'Comedy']",6.5,N/A,N/A,N/A,N/A,https://www.imdb.com/title/tt0381716/
Oh! Happy Day,2003,"['Comedy', 'Back to top', 'Drama', 'Satire', 'Romance']",5.2,N/A,N/A,"$5,000,000 (estimated)",N/A,https://www.imdb.com/title/tt0357978/
Ku qi de nü ren,2002,"['Back to top', 'Drama', 'Comedy']",7.0,N/A,"$422,048",N/A,N/A,https://www.imdb.com/title/tt0317269/
Mr. Handy,2004,"['Romance', 'Back to top', 'Comedy']",6.2,N/A,N/A,N/A,N/A,https://www.imdb.com/title/tt0398045/
Crazy First Love,2003,"['Back to top', 'Romance', 'Drama', 'Comedy']",5.4,N/A,"$361,988",N/A,N/A,https://www.imdb.com/title/tt0364262/
The First Amendment of Korea,2003,"['Back to top', 'Drama', 'Comedy']",5.7,N/A,N/A,N/A,N/A,https://www.imdb.com/title/tt0353328/
Too Young to Die,2002,"['Back to top', 'Drama', 'Romance']",6.5,N/A,"$352,463",N/A,N/A,https://www.imdb.com/title/tt0333692/
Who Are You?,2002,"['Romance', 'Back to top', 'Comedy']",6.2,N/A,"$831,286",N/A,N/A,https://www.imdb.com/title/tt0320763/
Tube,2003,"['Thriller', 'Back to top', 'Drama', 'Action', 'Crime']",5.4,N/A,"$78,162",N/A,N/A,https://www.imdb.com/title/tt0339824/
Guns & Talks,2001,"['Back to top', 'Action', 'Drama', 'Comedy']",6.8,N/A,"$54,185",N/A,N/A,https://www.imdb.com/title/tt0295368/
Plastic Tree,2003,"['Back to top', 'Romance', 'Drama', 'Horror']",6.1,N/A,"$6,320",N/A,N/A,https://www.imdb.com/title/tt0359841/
Run 2 U,2003,"['Back to top', 'Drama', 'Crime', 'Romance']",4.6,N/A,N/A,N/A,N/A,https://www.imdb.com/title/tt0355972/
Once Upon a Time in High School: The Spirit of Jeet Kune Do,2004,"['Back to top', 'Action', 'Drama', 'History']",7.4,N/A,"$5,271",N/A,N/A,https://www.imdb.com/title/tt0390205/
Die Bad,2000,"['Back to top', 'Drama', 'Crime']",6.6,N/A,N/A,"$800,000 (estimated)",N/A,https://www.imdb.com/title/tt0267622/
Sympathy for Mr. Vengeance,2002,"['Back to top', 'Thriller', 'Drama', 'Crime']",7.5,"$45,289","$2,046,923","$4,000,000 (estimated)","$9,827",https://www.imdb.com/title/tt0310775/
Project X,2003,"['Back to top', 'Drama', 'Action', 'Crime']",5.1,N/A,N/A,N/A,N/A,https://www.imdb.com/title/tt4035840/
Flower Island,2001,"['Back to top', 'Drama']",6.4,N/A,N/A,N/A,N/A,https://www.imdb.com/title/tt0302602/
Resurrection of the Little Match Girl,2002,"['Back to top', 'Action', 'Sci-Fi', 'Comedy']",5.5,N/A,"$791,247","$11,000,000 (estimated)",N/A,https://www.imdb.com/title/tt0327169/
Paradise Villa,2001,"['Back to top', 'Thriller', 'Drama']",5.2,N/A,N/A,N/A,N/A,https://www.imdb.com/title/tt0294832/
Asako in Ruby Shoes,2000,"['Back to top', 'Drama', 'Romance']",6.5,N/A,N/A,"$2,000,000 (estimated)",N/A,https://www.imdb.com/title/tt0300525/
Wanee & Junah,2001,"['Back to top', 'Drama', 'Romance']",6.8,N/A,N/A,N/A,N/A,https://www.imdb.com/title/tt0300633/
The Greatest Expectation,2003,"['Back to top', 'Comedy']",5.9,N/A,N/A,N/A,N/A,https://www.imdb.com/title/tt0381711/
Sorum,2001,"['Back to top', 'Mystery', 'Drama', 'Horror']",5.7,N/A,N/A,N/A,N/A,https://www.imdb.com/title/tt0294929/
Scent of Love,2003,"['Back to top', 'Drama', 'Romance']",6.3,N/A,N/A,N/A,N/A,https://www.imdb.com/title/tt0349517/
Another Public Enemy,2005,"['Back to top', 'Action', 'Drama']",6.0,N/A,"$23,248,003",N/A,N/A,https://www.imdb.com/title/tt0433328/
Ipsae,2001,"['Back to top', 'Romance']",6.4,N/A,N/A,N/A,N/A,https://www.imdb.com/title/tt0435067/
100 Days with Mr. Arrogant,2004,"['Romance', 'Back to top', 'Comedy']",6.0,N/A,N/A,"$3,200,000 (estimated)",N/A,https://www.imdb.com/title/tt0395677/
Galgali familywa Dracula,2003,"['Back to top', 'Family', 'Comedy']",4.2,N/A,N/A,N/A,N/A,https://www.imdb.com/title/tt0374668/
Twenty,2001,"['Back to top', 'Drama']",4.6,N/A,N/A,N/A,N/A,https://www.imdb.com/title/tt0425444/
Last Scene,2002,"['Back to top', 'Drama', 'Comedy']",6.5,N/A,N/A,N/A,N/A,https://www.imdb.com/title/tt0347386/
Ildan dwieo,2002,"['Back to top', 'Action', 'Crime', 'Comedy']",5.8,N/A,N/A,N/A,N/A,https://www.imdb.com/title/tt0319546/
Who's Got the Tape?,2004,"['Back to top', 'Comedy']",5.9,N/A,N/A,N/A,N/A,https://www.imdb.com/title/tt0396584/
Pisces,2000,"['Back to top', 'Romance']",6.1,N/A,N/A,N/A,N/A,https://www.imdb.com/title/tt0380565/
Family,2002,"['Romance', 'Action', 'Back to top', 'Comedy']",5.3,N/A,N/A,N/A,N/A,https://www.imdb.com/title/tt0330274/
Mr. Housewife,2005,"['Back to top', 'Comedy']",6.2,N/A,N/A,N/A,N/A,https://www.imdb.com/title/tt0479716/
Bloody Beach,2000,"['Horror', 'Thriller', 'Back to top', 'Mystery', 'Crime']",4.8,N/A,N/A,N/A,N/A,https://www.imdb.com/title/tt0291043/
"Spring, Summer, Fall, Winter... and Spring",2003,"['Back to top', 'Drama', 'Romance']",8.0,"$2,380,788","$8,842,902",N/A,"$42,561",https://www.imdb.com/title/tt0374546/
Marrying the Mafia 2: Enemy-in-Law,2005,"['Comedy', 'Back to top', 'Romance', 'Action', 'Crime']",5.8,N/A,"$31,835,989",N/A,N/A,https://www.imdb.com/title/tt0479669/
A Bold Family,2005,"['Back to top', 'Drama', 'Comedy']",6.0,N/A,"$8,828,738",N/A,N/A,https://www.imdb.com/title/tt0464651/
The Unforgiven,2005,"['Back to top', 'Drama']",6.8,N/A,N/A,N/A,N/A,https://www.imdb.com/title/tt0499274/
My Sassy Girl,2001,"['Comedy', 'Romantic Comedy', 'Back to top', 'Drama', 'Romance']",7.9,N/A,"$365,429",N/A,N/A,https://www.imdb.com/title/tt0293715/
Black Sheep,2006,"['Comedy', 'Dark Comedy', 'Back to top', 'Sci-Fi', 'Horror']",5.8,"$84,283","$4,947,717",N/A,"$16,102",https://www.imdb.com/title/tt0779982/
Shin Sung-il-eui hangbang-bulmyung,2004,"['Back to top', 'Drama']",6.8,N/A,N/A,N/A,N/A,https://www.imdb.com/title/tt0453907/
Mr. Socrates,2005,"['Back to top', 'Action', 'Crime']",6.2,N/A,"$6,380,429",N/A,N/A,https://www.imdb.com/title/tt0488762/
The Powerpuff Girls Movie,2002,"['Adventure', 'Comedy', 'Back to top', 'Hand-Drawn Animation', 'Superhero', 'Animation', 'Family', 'Sci-Fi', 'Action']",6.5,"$11,412,414","$16,426,471","$11,000,000 (estimated)","$3,583,114",https://www.imdb.com/title/tt0289408/
Typhoon,2005,"['Action', 'Back to top']",5.7,"$139,059","$26,179,656",N/A,"$59,409",https://www.imdb.com/title/tt0475750/
Secret Tears,2000,"['Horror', 'Thriller', 'Back to top', 'Drama', 'Romance']",5.4,N/A,N/A,N/A,N/A,https://www.imdb.com/title/tt0268996/
A Great Actor,2005,"['Back to top', 'Drama']",4.3,N/A,N/A,N/A,N/A,https://www.imdb.com/title/tt2772996/
Waikiki Brothers,2001,"['Back to top', 'Drama']",7.0,N/A,N/A,N/A,N/A,https://www.imdb.com/title/tt0297462/
Dead Friend,2004,"['Back to top', 'Horror']",5.9,N/A,"$178,161","$1,800,000 (estimated)",N/A,https://www.imdb.com/title/tt0410537/
Namja taeunada,2002,"['Back to top', 'Romance', 'Drama', 'Comedy']",4.4,N/A,N/A,N/A,N/A,https://www.imdb.com/title/tt0336895/
The Host,2006,"['Tragedy', 'Kaiju', 'Drama', 'Back to top', 'Monster Horror', 'Sci-Fi', 'Horror', 'Psychological Drama']",7.1,"$2,201,923","$89,433,506","₩12,215,500,000 (estimated)","$320,000",https://www.imdb.com/title/tt0468492/
Shadowless Sword,2005,"['Wuxia', 'Adventure', 'Back to top', 'History', 'Action']",6.4,N/A,"$3,868,257",N/A,N/A,https://www.imdb.com/title/tt0488763/
Sunday Seoul,2005,"['Back to top', 'Comedy']",5.5,N/A,N/A,N/A,N/A,https://www.imdb.com/title/tt0778120/
Hi! Dharma!,2001,"['Back to top', 'Drama', 'Comedy']",6.0,N/A,"$127,312",N/A,N/A,https://www.imdb.com/title/tt0298826/
Tazza: The High Rollers,2006,"['Back to top', 'Crime', 'Comedy']",7.1,N/A,"$39,243,317",N/A,N/A,https://www.imdb.com/title/tt0875025/
Spring Breeze,2003,"['Romance', 'Back to top', 'Comedy']",5.8,N/A,N/A,N/A,N/A,https://www.imdb.com/title/tt0377042/
Father and Son: The Story of Mencius,2004,"['Back to top', 'Comedy']",5.3,N/A,N/A,"$3,000,000 (estimated)",N/A,https://www.imdb.com/title/tt0398173/
My Brother,2004,"['Back to top', 'Drama']",7.0,N/A,"$33,584",N/A,N/A,https://www.imdb.com/title/tt0423461/
Romance of Their Own,2004,"['Back to top', 'Action', 'Drama', 'Romance']",6.2,N/A,N/A,N/A,N/A,https://www.imdb.com/title/tt0416073/
The Bow,2005,"['Back to top', 'Drama', 'Romance']",7.1,N/A,"$2,032,404","$950,000 (estimated)",N/A,https://www.imdb.com/title/tt0456470/
Sund@y Seoul,2004,"['Back to top', 'Drama']",5.5,N/A,N/A,N/A,N/A,https://www.imdb.com/title/tt0447468/
Kilimanjaro,2000,"['Thriller', 'Action', 'Back to top']",6.0,N/A,N/A,N/A,N/A,https://www.imdb.com/title/tt0297231/
Recess: School's Out,2001,"['Adventure', 'Comedy', 'Back to top', 'Animation', 'Family']",6.5,"$36,706,141","$44,460,850","$23,000,000 (estimated)","$10,065,873",https://www.imdb.com/title/tt0265632/
Unborn But Forgotten,2002,"['Back to top', 'Mystery', 'Horror']",4.5,N/A,"$1,155,954",N/A,N/A,https://www.imdb.com/title/tt0325534/
The Peter Pan Formula,2005,"['Back to top', 'Drama']",6.5,N/A,N/A,N/A,N/A,https://www.imdb.com/title/tt0492479/
The Triplets of Belleville,2003,"['Adventure', 'Music', 'Comedy', 'Drama', 'Satire', 'Sport', 'Back to top', 'Animation']",7.7,"$7,007,149","$14,776,775","$9,500,000 (estimated)","$108,080",https://www.imdb.com/title/tt0286244/
Mabeopsadul,2005,"['Back to top', 'Drama']",6.6,N/A,N/A,N/A,N/A,https://www.imdb.com/title/tt0796825/
Dig or Die,2002,"['Back to top', 'Crime', 'Comedy']",3.4,N/A,"$461,665",N/A,N/A,https://www.imdb.com/title/tt0322104/
The Uninvited,2003,"['Back to top', 'Thriller', 'Drama', 'Horror']",5.7,N/A,"$90,638",N/A,N/A,https://www.imdb.com/title/tt0358345/
Nomu mani pon sanai,2000,"['Back to top', 'Thriller', 'Crime']",5.8,N/A,N/A,N/A,N/A,https://www.imdb.com/title/tt0434239/
Terror Taxi,2000,"['Horror', 'Adventure', 'Comedy', 'Back to top', 'Romance', 'Action']",4.4,N/A,N/A,N/A,N/A,https://www.imdb.com/title/tt0294604/
Everybody Has Secrets,2004,"['Romance', 'Back to top', 'Comedy']",6.0,N/A,"$4,931,175","$4,400,000 (estimated)",N/A,https://www.imdb.com/title/tt0416080/
Tale of Cinema,2005,"['Back to top', 'Drama']",6.9,N/A,"$5,695",N/A,N/A,https://www.imdb.com/title/tt0461795/
Two Guys,2004,"['Action', 'Back to top', 'Comedy']",6.7,N/A,N/A,N/A,N/A,https://www.imdb.com/title/tt0414624/
Star Runner,2003,"['Back to top', 'Action', 'Drama', 'Romance']",5.1,N/A,"$430,260","HK$30,000,000 (estimated)",N/A,https://www.imdb.com/title/tt0378773/
Virgin Stripped Bare by Her Bachelors,2000,"['Back to top', 'Drama']",6.9,N/A,"$3,936",N/A,N/A,https://www.imdb.com/title/tt0253378/
Phone,2002,"['Back to top', 'Thriller', 'Mystery', 'Horror']",6.1,N/A,"$21,784,403",N/A,N/A,https://www.imdb.com/title/tt0323630/
Public Toilet,2002,"['Back to top', 'Drama']",5.5,N/A,N/A,N/A,N/A,https://www.imdb.com/title/tt0334229/
Seoul,2002,"['Thriller', 'Action', 'Back to top']",5.5,N/A,"$3,618,818",N/A,N/A,https://www.imdb.com/title/tt0307440/
La Belle,2000,"['Back to top', 'Drama']",5.4,N/A,"$158,495",N/A,N/A,https://www.imdb.com/title/tt0269546/
Three... Extremes,2004,"['Dark Comedy', 'Back to top', 'Horror']",6.9,"$77,532","$516,930",N/A,"$36,414",https://www.imdb.com/title/tt0420251/
Take Care of My Cat,2001,"['Back to top', 'Drama']",7.1,"$9,866","$64,591",N/A,"$3,137",https://www.imdb.com/title/tt0296658/
Antarctic Journal,2005,"['Back to top', 'Thriller', 'Mystery', 'Horror']",5.9,N/A,"$5,568,811","$6,500,000 (estimated)",N/A,https://www.imdb.com/title/tt0462703/
Princess Aurora,2005,"['Thriller', 'Back to top', 'Drama', 'Mystery', 'Crime']",6.5,N/A,"$5,081,114",N/A,N/A,https://www.imdb.com/title/tt0488174/
Wedding Campaign,2005,"['Back to top', 'Drama', 'Comedy']",6.3,N/A,"$2,561,923",N/A,N/A,https://www.imdb.com/title/tt0492702/
Love Her,2001,"['Back to top', 'Drama']",5.0,N/A,N/A,N/A,N/A,https://www.imdb.com/title/tt0434972/
One Fine Spring Day,2001,"['Back to top', 'Drama', 'Romance']",7.0,N/A,"$86,366","$2,000,000 (estimated)",N/A,https://www.imdb.com/title/tt0295192/
How to Keep My Love,2004,"['Romance', 'Back to top', 'Comedy']",5.9,N/A,N/A,N/A,N/A,https://www.imdb.com/title/tt0416070/
The Crescent Moon,2003,"['Back to top', 'Drama']",7.6,N/A,N/A,N/A,N/A,https://www.imdb.com/title/tt0390976/
Elysium,2003,"['Comedy', 'Back to top', 'Fantasy', 'Animation', 'Sci-Fi', 'Computer Animation', 'Action']",3.9,N/A,N/A,N/A,N/A,https://www.imdb.com/title/tt0356577/
Sex Is Zero,2002,"['Comedy', 'Raunchy Comedy', 'Drama', 'Back to top', 'Teen Comedy', 'Romance']",6.5,N/A,"$23,915,279",N/A,N/A,https://www.imdb.com/title/tt0341555/
Innocent Steps,2005,"['Music', 'Comedy', 'Back to top', 'Drama', 'Romance']",6.8,N/A,"$13,419,977",N/A,N/A,https://www.imdb.com/title/tt0464636/
Emergency Act 19,2002,"['Back to top', 'Music']",4.2,N/A,N/A,N/A,N/A,https://www.imdb.com/title/tt0327767/
Last Present,2001,"['Back to top', 'Drama', 'Romance']",6.8,N/A,N/A,N/A,N/A,https://www.imdb.com/title/tt0294949/
H,2002,"['Back to top', 'Thriller', 'Drama', 'Mystery']",5.8,N/A,"$438,227",N/A,N/A,https://www.imdb.com/title/tt0304120/
Invisible Light,2003,"['Back to top', 'Drama']",5.0,N/A,N/A,N/A,N/A,https://www.imdb.com/title/tt0359964/
"Love, So Divine",2004,"['Romance', 'Back to top', 'Comedy']",6.3,N/A,"$251,561",N/A,N/A,https://www.imdb.com/title/tt0419135/
Raybang,2001,"['Back to top', 'Drama', 'Comedy']",6.8,N/A,N/A,N/A,N/A,https://www.imdb.com/title/tt0330807/
Vanishing Twin,2000,"['Back to top', 'Romance', 'Drama', 'Mystery']",5.3,N/A,N/A,N/A,N/A,https://www.imdb.com/title/tt0380202/
Three,2002,"['Back to top', 'Mystery', 'Horror']",6.1,N/A,"$1,691,811",N/A,N/A,https://www.imdb.com/title/tt0324242/
Do You Like Spring Bear?,2003,"['Back to top', 'Romance', 'Drama', 'Comedy']",5.8,N/A,N/A,N/A,N/A,https://www.imdb.com/title/tt0370360/
Club Butterfly,2001,"['Back to top', 'Drama']",5.8,N/A,N/A,N/A,N/A,https://www.imdb.com/title/tt0453010/
Camellia Project: Three Queer Stories at Bogil Island,2005,"['Back to top', 'Drama']",5.8,N/A,N/A,N/A,N/A,https://www.imdb.com/title/tt0463441/
Blade of the Phantom Master,2004,"['Anime', 'Back to top', 'Fantasy', 'Animation', 'Action']",6.2,N/A,N/A,N/A,N/A,https://www.imdb.com/title/tt1467299/
Chunhyang,2000,"['Back to top', 'Romance', 'Drama', 'Musical']",7.1,"$798,220",N/A,N/A,"$14,052",https://www.imdb.com/title/tt0245837/
She's on Duty,2005,"['Comedy', 'Back to top', 'Romance', 'Action', 'Crime']",6.2,N/A,"$10,826,936",N/A,N/A,https://www.imdb.com/title/tt0456999/
The Big Swindle,2004,"['Comedy', 'Caper', 'Back to top', 'Action', 'Crime']",6.5,N/A,N/A,"$3,500,000 (estimated)",N/A,https://www.imdb.com/title/tt0402842/
Mr. Iron Palm,2002,"['Back to top', 'Drama', 'Comedy']",5.9,N/A,N/A,N/A,N/A,https://www.imdb.com/title/tt0314214/
"Hello, Brother",2005,"['Back to top', 'Drama']",7.0,N/A,"$6,045,108",N/A,N/A,https://www.imdb.com/title/tt0479634/
Love Bakery,2000,"['Back to top', 'Romance', 'Drama', 'Comedy']",6.9,N/A,N/A,N/A,N/A,https://www.imdb.com/title/tt0293300/
Public Enemy,2002,"['Back to top', 'Action', 'Crime']",7.1,N/A,"$15,897,574",N/A,N/A,https://www.imdb.com/title/tt0306909/
Grain in Ear,2005,"['Back to top', 'Drama']",6.9,N/A,"$20,277",N/A,N/A,https://www.imdb.com/title/tt0781421/
A Masterpiece in My Life,2000,"['Back to top', 'Drama', 'Romance']",5.5,N/A,N/A,N/A,N/A,https://www.imdb.com/title/tt0297041/
Spy Girl,2004,"['Romance', 'Action', 'Back to top', 'Comedy']",5.9,N/A,"$1,210",N/A,N/A,https://www.imdb.com/title/tt0390043/
Someone Special,2004,"['Romance', 'Back to top', 'Comedy']",6.9,N/A,N/A,N/A,N/A,https://www.imdb.com/title/tt0409696/
Unknown Pleasures,2002,"['Back to top', 'Drama', 'Comedy']",6.8,"$11,254","$55,901",N/A,"$3,628",https://www.imdb.com/title/tt0318025/
Videoreul boneun namja,2003,"['Back to top', 'Drama', 'Romance']",6.6,N/A,N/A,N/A,N/A,https://www.imdb.com/title/tt0387670/
Kiss Me Much,2001,"['Back to top', 'Drama']",5.3,N/A,N/A,N/A,N/A,https://www.imdb.com/title/tt0294353/
Gyodoso World Cup,2001,"['Back to top', 'Drama', 'Comedy']",4.2,N/A,N/A,N/A,N/A,https://www.imdb.com/title/tt0297158/
Marrying School Girl,2004,"['Back to top', 'Comedy']",5.0,N/A,N/A,"$2,299,000 (estimated)",N/A,https://www.imdb.com/title/tt0452065/
Bet on My Disco,2002,"['Back to top', 'Drama', 'Musical', 'Comedy']",5.0,N/A,"$6,320,365",N/A,N/A,https://www.imdb.com/title/tt0317614/
Love Talk,2005,"['Back to top', 'Drama']",5.8,N/A,N/A,"$1,750,000 (estimated)",N/A,https://www.imdb.com/title/tt0487945/
Sweet Sex and Love,2003,"['Back to top', 'Drama']",5.2,N/A,N/A,N/A,N/A,https://www.imdb.com/title/tt0365484/
Chimhyang,2000,"['Back to top', 'Drama']",6.9,N/A,N/A,N/A,N/A,https://www.imdb.com/title/tt0276001/
Tang shi,2003,"['Back to top', 'Drama']",6.4,N/A,"$1,949",N/A,N/A,https://www.imdb.com/title/tt0951302/
Byeol,2003,"['Back to top', 'Drama', 'Romance']",6.3,N/A,N/A,N/A,N/A,https://www.imdb.com/title/tt0354440/
Cracked Eggs and Noodles,2005,"['Back to top', 'Drama', 'Comedy']",5.7,N/A,"$6,562,975",N/A,N/A,https://www.imdb.com/title/tt0448678/
Feathers in the Wind,2004,"['Back to top', 'Drama', 'Romance']",7.2,N/A,N/A,N/A,N/A,https://www.imdb.com/title/tt0453085/
Yeongmae: san jawa jugeun ja-ui hwahae,2002,"['Documentary', 'Back to top']",6.6,N/A,N/A,N/A,N/A,https://www.imdb.com/title/tt0431478/
The Record,2000,"['Thriller', 'Back to top', 'Horror']",4.3,N/A,N/A,N/A,N/A,https://www.imdb.com/title/tt0301770/
The Promise,2005,"['Wuxia', 'Back to top', 'Drama', 'Fantasy', 'Action']",5.6,"$669,625","$30,995,924","HK$60,000,000 (estimated)","$272,838",https://www.imdb.com/title/tt0417976/
R-Point,2004,"['War', 'Action', 'Back to top', 'Horror']",6.2,N/A,"$6,744,984",N/A,N/A,https://www.imdb.com/title/tt0417072/
Chow Yun-Fat Boy Meets Brownie Girl,2002,"['Fantasy', 'Back to top']",4.7,N/A,N/A,N/A,N/A,https://www.imdb.com/title/tt0334726/
2009: Lost Memories,2009,"['Thriller', 'Drama', 'Back to top', 'Sci-Fi', 'Action']",6.1,N/A,"$12,049,825","$7,000,000 (estimated)",N/A,https://www.imdb.com/title/tt0294252/
Desire,2002,"['Back to top', 'Drama']",4.6,N/A,N/A,N/A,N/A,https://www.imdb.com/title/tt0334753/
YMCA Yagudan,2002,"['Back to top', 'Drama']",6.3,N/A,"$8,271,113",N/A,N/A,https://www.imdb.com/title/tt0331088/
Wishing Stairs,2003,"['Back to top', 'Drama', 'Horror']",5.8,N/A,N/A,N/A,N/A,https://www.imdb.com/title/tt0370082/
Totò Sapore: The Pizza Story,2003,"['Romance', 'Adventure', 'Comedy', 'Back to top', 'Fantasy', 'Animation', 'Family', 'Musical']",6.1,N/A,"$541,824",N/A,N/A,https://www.imdb.com/title/tt0399778/
Joint Security Area,2000,"['Thriller', 'Back to top', 'Drama', 'War', 'Action']",7.7,N/A,"$124,861",N/A,N/A,https://www.imdb.com/title/tt0260991/
The Guy Was Cool,2004,"['Romance', 'Back to top', 'Comedy']",6.1,N/A,N/A,"$2,500,000 (estimated)",N/A,https://www.imdb.com/title/tt0415819/
Show Show Show,2003,"['Back to top', 'Drama', 'Comedy']",4.5,N/A,N/A,N/A,N/A,https://www.imdb.com/title/tt0350121/
Heaven's Soldiers,2005,"['Back to top', 'Action', 'Sci-Fi', 'Comedy']",5.9,N/A,"$6,407,161",N/A,N/A,https://www.imdb.com/title/tt0470711/
Real Fiction,2000,"['Back to top', 'Drama', 'Crime']",5.9,N/A,N/A,N/A,N/A,https://www.imdb.com/title/tt0269857/
Afrika,2002,"['Back to top', 'Action', 'Drama']",5.1,N/A,N/A,N/A,N/A,https://www.imdb.com/title/tt0306442/
Singles,2003,"['Romance', 'Back to top', 'Comedy']",6.4,N/A,N/A,N/A,N/A,https://www.imdb.com/title/tt0371226/
Oseam,2003,"['Back to top', 'Animation', 'Family']",6.9,N/A,"$6,658",N/A,N/A,https://www.imdb.com/title/tt0359784/
A Moment to Remember,2004,"['Back to top', 'Drama', 'Romance']",8.1,N/A,"$20,865,847",N/A,N/A,https://www.imdb.com/title/tt0428870/
Lovely Rivals,2004,"['Back to top', 'Drama', 'Comedy']",6.6,N/A,N/A,N/A,N/A,https://www.imdb.com/title/tt0430780/
The Coast Guard,2002,"['Back to top', 'Drama', 'War']",6.4,N/A,"$2,442,863",N/A,N/A,https://www.imdb.com/title/tt0341384/
The Foul King,2000,"['Sport', 'Back to top', 'Comedy']",6.9,N/A,N/A,N/A,N/A,https://www.imdb.com/title/tt0261552/
Norang meori 2,2001,"['Back to top', 'Drama']",6.2,N/A,N/A,N/A,N/A,https://www.imdb.com/title/tt0293885/
A Smile,2003,"['Back to top', 'Drama']",5.6,N/A,N/A,N/A,N/A,https://www.imdb.com/title/tt0379381/
Indian Summer,2001,"['Back to top', 'Drama', 'Crime']",6.3,N/A,N/A,N/A,N/A,https://www.imdb.com/title/tt0293280/
Scary Hair,2005,"['Back to top', 'Drama', 'Horror']",5.4,N/A,"$2,146,621",N/A,N/A,https://www.imdb.com/title/tt0475590/
Wild Card,2003,"['Comedy', 'Thriller', 'Drama', 'Back to top', 'Action', 'Crime']",6.6,N/A,N/A,N/A,N/A,https://www.imdb.com/title/tt0363211/
Boss X-File,2002,"['Back to top', 'Comedy']",4.3,N/A,"$6,373,498",N/A,N/A,https://www.imdb.com/title/tt0330086/
Love Is a Crazy Thing,2005,"['Back to top', 'Romance']",6.2,N/A,N/A,N/A,N/A,https://www.imdb.com/title/tt0488807/
Silmido,2003,"['Back to top', 'Action', 'Drama']",7.0,"$298,347","$4,855,181","$8,000,000 (estimated)",N/A,https://www.imdb.com/title/tt0387596/
The President's Last Bang,2005,"['Political Drama', 'Comedy', 'Thriller', 'Dark Comedy', 'Drama', 'Back to top', 'History']",6.9,"$9,724","$9,724",N/A,"$1,862",https://www.imdb.com/title/tt0445396/
Garden of Heaven,2003,"['Back to top', 'Drama', 'Romance']",5.6,N/A,N/A,N/A,N/A,https://www.imdb.com/title/tt0358503/
The Bad Utterances,2004,"['Back to top', 'Drama']",5.0,N/A,N/A,"$170,000 (estimated)",N/A,https://www.imdb.com/title/tt0428055/
Four-Letter Words,2002,"['Action', 'Back to top', 'Romance']",4.2,N/A,N/A,N/A,N/A,https://www.imdb.com/title/tt0340328/
Siren,2000,"['Back to top', 'Drama']",5.4,N/A,N/A,N/A,N/A,https://www.imdb.com/title/tt0251402/
This Charming Girl,2004,"['Back to top', 'Drama']",6.8,N/A,"$225,557","$1,000,000 (estimated)",N/A,https://www.imdb.com/title/tt0436979/
Natural City,2003,"['Thriller', 'Drama', 'Back to top', 'Sci-Fi', 'Action']",5.7,N/A,"$124,677",N/A,N/A,https://www.imdb.com/title/tt0378428/
Oollala Sisters,2002,"['Back to top', 'Drama']",4.7,N/A,"$4,454,045",N/A,N/A,https://www.imdb.com/title/tt0314463/
Samaritan Girl,2004,"['Back to top', 'Drama']",7.0,N/A,"$328,161","$1,000,000 (estimated)",N/A,https://www.imdb.com/title/tt0397619/
Pulisi gae-im,2004,"['Back to top', 'Drama']",4.5,N/A,N/A,N/A,N/A,https://www.imdb.com/title/tt1021098/
"Jabondang seoneon: Mangukui nodongjayeo, chukcheothara!",2003,"['Back to top', 'Sci-Fi', 'Drama', 'Horror']",6.0,N/A,N/A,N/A,N/A,https://www.imdb.com/title/tt1359425/
When I Turned Nine,2004,"['Back to top', 'Drama']",7.4,N/A,"$17,479",N/A,N/A,https://www.imdb.com/title/tt0398663/
Daseoseun neomu manha,2005,"['Back to top', 'Drama']",6.6,N/A,N/A,N/A,N/A,https://www.imdb.com/title/tt0494678/
Seoul Raiders,2005,"['Back to top', 'Action', 'Drama', 'Comedy']",5.5,N/A,"$965,110","HK$40,000,000 (estimated)",N/A,https://www.imdb.com/title/tt0455116/
The Aggressives,2005,"['Back to top', 'Drama']",5.8,N/A,N/A,N/A,N/A,https://www.imdb.com/title/tt0464692/
Hey Arnold! The Movie,2002,"['Adventure', 'Comedy', 'Thriller', 'Drama', 'Back to top', 'Hand-Drawn Animation', 'Animation', 'Family']",6.0,"$13,728,902","$15,249,308","$3,000,000 (estimated)","$5,706,332",https://www.imdb.com/title/tt0314166/
On the Occasion of Remembering the Turning Gate,2002,"['Back to top', 'Drama']",7.3,N/A,N/A,N/A,N/A,https://www.imdb.com/title/tt0313550/
Venus,2002,"['Action', 'Back to top']",7.5,N/A,N/A,N/A,N/A,https://www.imdb.com/title/tt0251462/
Silver Knife,2003,"['Romance', 'Back to top', 'Comedy']",5.0,N/A,N/A,N/A,N/A,https://www.imdb.com/title/tt0382677/
Geochilmaru,2005,"['Action', 'Back to top']",5.7,N/A,N/A,N/A,N/A,https://www.imdb.com/title/tt0480685/
My Wife Is a Gangster,2001,"['Comedy', 'Drama', 'Back to top', 'Romance', 'Action', 'Crime']",6.3,N/A,"$1,211,843",N/A,N/A,https://www.imdb.com/title/tt0296696/
The Last Wolf,2004,"['Back to top', 'Comedy']",4.9,N/A,N/A,N/A,N/A,https://www.imdb.com/title/tt0400621/
Geo-Lobotomy,2005,"['Sci-Fi', 'Back to top', 'Horror']",5.1,N/A,N/A,N/A,N/A,https://www.imdb.com/title/tt1368466/
Plum Blossom,2000,"['Back to top', 'Drama', 'Romance']",5.9,N/A,N/A,N/A,N/A,https://www.imdb.com/title/tt0266855/
I Wish I Had a Wife,2001,"['Back to top', 'Romance', 'Drama', 'Comedy']",6.3,N/A,N/A,"$2,200,000 (estimated)",N/A,https://www.imdb.com/title/tt0287583/
Dream of a Warrior,2001,"['Back to top', 'Fantasy', 'Sci-Fi', 'Romance', 'Action']",3.4,N/A,N/A,N/A,N/A,https://www.imdb.com/title/tt0346904/
Reversal of Fortune,2003,"['Back to top', 'Drama', 'Comedy']",6.0,N/A,N/A,N/A,N/A,https://www.imdb.com/title/tt0364759/
Rugrats in Paris,2000,"['Adventure', 'Comedy', 'Back to top', 'Hand-Drawn Animation', 'Animation', 'Family', 'Romance']",6.2,"$76,507,756","$103,291,131","$30,000,000 (estimated)","$22,718,184",https://www.imdb.com/title/tt0213203/
Miwodo dashi hanbeon,2002,['Back to top'],3.5,N/A,N/A,N/A,N/A,https://www.imdb.com/title/tt0323272/
Together,2002,"['Back to top', 'Music', 'Drama']",7.4,"$1,151,941","$14,687,167",N/A,"$69,209",https://www.imdb.com/title/tt0332639/
Naked Paradise,2002,"['Back to top', 'Drama']",3.3,N/A,"$170,178",N/A,N/A,https://www.imdb.com/title/tt0325772/
Yesterday,2002,"['Sci-Fi', 'Action', 'Crime', 'Back to top']",4.9,N/A,"$1,589,942","$5,000,000 (estimated)",N/A,https://www.imdb.com/title/tt0326441/
The Lake House,2006,"['Back to top', 'Fantasy', 'Drama', 'Romance']",6.8,"$52,330,111","$114,830,111","$40,000,000 (estimated)","$13,616,196",https://www.imdb.com/title/tt0410297/
Blue Swallow,2005,"['Back to top', 'Romance']",6.9,N/A,"$3,054,367","₩8,000,000,000 (estimated)",N/A,https://www.imdb.com/title/tt0409811/
Address Unknown,2001,"['Back to top', 'Drama', 'War']",7.2,N/A,N/A,N/A,N/A,https://www.imdb.com/title/tt0284815/
Bongja,2000,"['Back to top', 'Drama', 'Comedy']",5.1,N/A,N/A,N/A,N/A,https://www.imdb.com/title/tt0261581/
My Wife Is a Gangster 2,2003,"['Back to top', 'Action', 'Crime', 'Comedy']",6.0,N/A,N/A,N/A,N/A,https://www.imdb.com/title/tt0364447/
No Comment,2002,"['Back to top', 'Drama', 'Comedy']",6.6,N/A,"$2,707,673",N/A,N/A,https://www.imdb.com/title/tt0323311/
Frakchi,2004,"['Back to top', 'Thriller', 'Drama']",6.5,N/A,N/A,N/A,N/A,https://www.imdb.com/title/tt0473483/
Rules of Dating,2005,"['Romance', 'Back to top', 'Comedy']",6.3,N/A,"$11,016,544",N/A,N/A,https://www.imdb.com/title/tt0464762/
Can't Live Without Robbery,2002,"['Action', 'Back to top', 'Comedy']",5.9,N/A,"$1,939,052",N/A,N/A,https://www.imdb.com/title/tt0330225/
The Legend of Evil Lake,2003,"['Horror', 'Drama', 'Back to top', 'Fantasy', 'Romance', 'Action']",5.8,N/A,N/A,N/A,N/A,https://www.imdb.com/title/tt0377633/
Fighter in the Wind,2004,"['History', 'Drama', 'Back to top', 'War', 'Action', 'Biography']",6.9,N/A,"$1,518","$6,000,000 (estimated)",N/A,https://www.imdb.com/title/tt0416499/
The President's Barber,2004,"['Back to top', 'Dark Comedy', 'Drama', 'Comedy']",6.9,N/A,"$5,188",N/A,N/A,https://www.imdb.com/title/tt0406853/
Interview,2000,"['Back to top', 'Drama', 'Romance']",6.0,N/A,N/A,N/A,N/A,https://www.imdb.com/title/tt0253146/
Whistling Princess,2002,"['Back to top', 'Comedy']",3.8,N/A,N/A,N/A,N/A,https://www.imdb.com/title/tt0345419/
Tears,2000,"['Back to top', 'Drama']",6.1,N/A,N/A,N/A,N/A,https://www.imdb.com/title/tt0269642/
Eraser Wrestling,2002,['Back to top'],6.0,N/A,N/A,N/A,N/A,https://www.imdb.com/title/tt0315553/
Curious George,2006,"['Animal Adventure', 'Adventure', 'Comedy', 'Back to top', 'Hand-Drawn Animation', 'Animation', 'Family']",6.5,"$58,360,760","$69,865,924","$50,000,000 (estimated)","$14,703,405",https://www.imdb.com/title/tt0381971/
Flying Boys,2004,"['Back to top', 'Drama']",6.2,N/A,N/A,"$2,000,000 (estimated)",N/A,https://www.imdb.com/title/tt0432393/
Into the Mirror,2003,"['Back to top', 'Thriller', 'Mystery', 'Horror']",6.4,N/A,"$70,277","$3,000,000 (estimated)",N/A,https://www.imdb.com/title/tt0372937/
Duelist,2005,"['Mystery', 'Comedy', 'Back to top', 'Romance', 'Action']",5.8,N/A,"$6,324,945",N/A,N/A,https://www.imdb.com/title/tt0475616/
Kim Gina-eui bidio ilgi,2002,"['Documentary', 'Back to top']",5.1,N/A,N/A,N/A,N/A,https://www.imdb.com/title/tt0382780/
Doma Ahn Jung-geun,2004,"['Back to top', 'Action', 'Drama']",4.5,N/A,N/A,N/A,N/A,https://www.imdb.com/title/tt0422108/
Brain Wave,2005,"['Sci-Fi', 'Back to top']",4.4,N/A,N/A,N/A,N/A,https://www.imdb.com/title/tt1489146/
A Family,2004,"['Back to top', 'Drama']",7.1,N/A,N/A,"$2,000,000 (estimated)",N/A,https://www.imdb.com/title/tt0406794/
The Isle,2000,"['Back to top', 'Thriller', 'Drama']",6.9,"$20,666","$24,963","$1,000,000 (estimated)","$4,546",https://www.imdb.com/title/tt0255589/
Heavy Metal 2000,2000,"['Adventure', 'Dark Comedy', 'Back to top', 'Animation', 'Fantasy', 'Sci-Fi', 'Action', 'Adult Animation']",5.4,N/A,N/A,"$15,000,000 (estimated)",N/A,https://www.imdb.com/title/tt0119273/
Lady Vengeance,2005,"['Thriller', 'Dark Comedy', 'Back to top', 'Drama', 'Crime']",7.5,"$211,667","$23,835,242","₩4,200,000,000 (estimated)","$9,850",https://www.imdb.com/title/tt0451094/
Running 7 Dogs,2001,"['Action', 'Back to top']",4.9,N/A,N/A,N/A,N/A,https://www.imdb.com/title/tt0434850/
Ghost House,2004,"['Back to top', 'Horror', 'Comedy']",6.1,N/A,N/A,"$3,700,000 (estimated)",N/A,https://www.imdb.com/title/tt0420660/
Jakarta,2000,"['Comedy', 'Caper', 'Thriller', 'Back to top', 'Crime']",6.5,N/A,N/A,N/A,N/A,https://www.imdb.com/title/tt0291275/
A Good Lawyer's Wife,2003,"['Back to top', 'Drama', 'Romance']",6.1,N/A,"$80,940",N/A,N/A,https://www.imdb.com/title/tt0372782/
Addicted,2002,"['Mystery', 'Thriller', 'Back to top', 'Drama', 'Romance']",6.8,N/A,"$4,086,108",N/A,N/A,https://www.imdb.com/title/tt0336678/
Just Do It!,2000,"['Back to top', 'Comedy']",5.8,N/A,"$44,079",N/A,N/A,https://www.imdb.com/title/tt0297163/
Happy Ero Christmas,2003,"['Romance', 'Back to top', 'Comedy']",4.2,N/A,N/A,N/A,N/A,https://www.imdb.com/title/tt0385737/
Memories of Murder,2003,"['Thriller', 'Dark Comedy', 'Police Procedural', 'Drama', 'Back to top', 'Korean Drama', 'True Crime', 'Mystery', 'Crime', 'Serial Killer']",8.1,"$15,357","$1,210,156","$2,800,000 (estimated)","$4,487",https://www.imdb.com/title/tt0353969/
Mai jeneoreisheon,2004,"['Back to top', 'Drama']",6.4,N/A,N/A,N/A,N/A,https://www.imdb.com/title/tt0439716/
Over the Rainbow,2002,"['Back to top', 'Drama', 'Romance']",7.0,N/A,"$2,549,834",N/A,N/A,https://www.imdb.com/title/tt0313445/
Gwenchana uljima,2001,"['Back to top', 'Drama']",7.1,N/A,"$12,520",N/A,N/A,https://www.imdb.com/title/tt0325513/
Windstruck,2004,"['Comedy', 'Back to top', 'Drama', 'Romance', 'Crime']",7.1,N/A,"$19,225,992",N/A,N/A,https://www.imdb.com/title/tt0409072/
Jail Breakers,2002,"['Back to top', 'Comedy']",6.2,N/A,"$17,797,711",N/A,N/A,https://www.imdb.com/title/tt0333528/
Popee,2002,"['Back to top', 'Drama', 'Comedy']",6.5,N/A,N/A,"₩100,000,000 (estimated)",N/A,https://www.imdb.com/title/tt0345804/
The Reef,2006,"['Adventure', 'Back to top', 'Sea Adventure', 'Family', 'Animation', 'Computer Animation']",4.1,N/A,"$14,220,743","$10,000,000 (estimated)",N/A,https://www.imdb.com/title/tt0820142/
Sad Movie,2005,"['Back to top', 'Romance', 'Drama', 'Comedy']",7.2,N/A,"$7,034,164",N/A,N/A,https://www.imdb.com/title/tt0475711/
Painted Fire,2002,"['Back to top', 'Drama', 'Biography', 'History']",7.1,"$64,029","$6,988,181",N/A,"$8,196",https://www.imdb.com/title/tt0317234/
Teenage Hooker Becomes a Killing Machine,2000,"['Back to top', 'Drama', 'Sci-Fi', 'Horror', 'Crime']",4.3,N/A,N/A,N/A,N/A,https://www.imdb.com/title/tt0280140/
Blood Rain,2005,"['Thriller', 'Back to top', 'Mystery']",6.5,N/A,"$14,270,938",N/A,N/A,https://www.imdb.com/title/tt0462684/
Acacia,2003,"['Thriller', 'Back to top', 'Horror']",5.6,N/A,N/A,"$2,200,000 (estimated)",N/A,https://www.imdb.com/title/tt0380164/
Marathon,2005,"['Back to top', 'Drama', 'Biography', 'Sport']",7.6,N/A,"$33,284,089",N/A,N/A,https://www.imdb.com/title/tt0448621/
"Murder, Take One",2005,"['Back to top', 'Mystery', 'Drama', 'Comedy']",6.2,N/A,"$14,915,208",N/A,N/A,https://www.imdb.com/title/tt0475517/
2424,2002,"['Action', 'Back to top', 'Comedy']",4.8,N/A,"$1,197,891","$5,700,000 (estimated)",N/A,https://www.imdb.com/title/tt0335791/
The Way Home,2002,"['Back to top', 'Drama']",7.7,"$445,367","$24,952,738","$2,000,000 (estimated)","$29,737",https://www.imdb.com/title/tt0312841/
Saranghae malsoonssi,2005,"['Back to top', 'Drama']",6.1,N/A,"$2,637,288",N/A,N/A,https://www.imdb.com/title/tt0488726/
Empress Chung,2005,"['Back to top', 'Fantasy', 'Animation', 'Drama']",7.0,N/A,"$277,566",N/A,N/A,https://www.imdb.com/title/tt0470745/
The Doll Master,2004,"['Thriller', 'Back to top', 'Horror']",5.7,N/A,"$124,073","$2,000,000 (estimated)",N/A,https://www.imdb.com/title/tt0416853/
4 balgarak,2002,"['Action', 'Back to top', 'Comedy']",4.3,N/A,"$840,000",N/A,N/A,https://www.imdb.com/title/tt0315735/
Witch Board: Bunshinsaba,2004,"['Thriller', 'Back to top', 'Horror']",5.6,N/A,"$2,117,269","$2,500,000 (estimated)",N/A,https://www.imdb.com/title/tt0415689/
Madeleine,2003,"['Back to top', 'Romance']",6.2,N/A,"$2,097,923",N/A,N/A,https://www.imdb.com/title/tt0345603/
Woman Is the Future of Man,2004,"['Back to top', 'Drama']",6.4,"$11,807","$247,588",N/A,"$4,763",https://www.imdb.com/title/tt0403692/
Ardor,2002,"['Back to top', 'Drama', 'Romance']",5.7,N/A,"$2,129,092",N/A,N/A,https://www.imdb.com/title/tt0341470/
Loft,2005,"['Back to top', 'Horror']",5.5,N/A,"$23,703","$2,500,000 (estimated)",N/A,https://www.imdb.com/title/tt0443231/
My Little Bride,2004,"['Back to top', 'Romance', 'Drama', 'Comedy']",7.0,N/A,"$297,756",N/A,N/A,https://www.imdb.com/title/tt0395140/
Crying Fist,2005,"['Back to top', 'Action', 'Drama', 'Sport']",7.2,N/A,"$10,024,751",N/A,N/A,https://www.imdb.com/title/tt0457007/
Blossom Again,2005,"['Back to top', 'Drama', 'Romance']",5.4,N/A,N/A,N/A,N/A,https://www.imdb.com/title/tt0481815/
Sa-kwa,2005,"['Back to top', 'Drama']",6.5,N/A,"$273,689",N/A,N/A,https://www.imdb.com/title/tt0478025/
My Girl and I,2005,"['Back to top', 'Romance', 'Drama', 'Comedy']",7.1,N/A,"$460,117",N/A,N/A,https://www.imdb.com/title/tt0488177/
Don't Look Back,2005,"['Back to top', 'Romance']",6.0,N/A,N/A,"$900,000 (estimated)",N/A,https://www.imdb.com/title/tt0835823/
The Romantic President,2002,"['Back to top', 'Romance', 'Drama', 'Comedy']",5.7,N/A,"$2,596,774",N/A,N/A,https://www.imdb.com/title/tt0341521/
Lee Dae-ro Can't Die,2005,"['Action', 'Back to top', 'Comedy']",6.2,N/A,"$4,736,013",N/A,N/A,https://www.imdb.com/title/tt0479697/
Double Agent,2003,"['Thriller', 'Action', 'Back to top']",6.2,N/A,"$2,629,524",N/A,N/A,https://www.imdb.com/title/tt0342561/
Mr. Gam's Victory,2004,"['Back to top', 'Action', 'Drama', 'Comedy']",6.8,N/A,N/A,N/A,N/A,https://www.imdb.com/title/tt0423293/
Mission Barabba,2001,['Back to top'],6.8,N/A,N/A,N/A,N/A,https://www.imdb.com/title/tt0325832/
Bewitching Attraction,2006,"['Romance', 'Back to top', 'Comedy']",4.2,N/A,"$2,504,320",N/A,N/A,https://www.imdb.com/title/tt0778159/
MOB 2025,2025,"['Back to top', 'Action', 'Sci-Fi']",3.1,N/A,N/A,N/A,N/A,https://www.imdb.com/title/tt0293857/
Friend,2001,"['Back to top', 'Drama', 'Action', 'Crime']",7.2,N/A,"$550,031",N/A,N/A,https://www.imdb.com/title/tt0281718/
The Toy Warrior,2005,"['Back to top', 'Fantasy', 'Animation', 'Family']",6.3,N/A,N/A,N/A,N/A,https://www.imdb.com/title/tt0363141/
Yoru o kakete,2002,"['Back to top', 'Drama']",5.8,N/A,N/A,N/A,N/A,https://www.imdb.com/title/tt0417281/
The Beast and the Beauty,2005,"['Romance', 'Back to top', 'Comedy']",6.5,N/A,"$8,666,859",N/A,N/A,https://www.imdb.com/title/tt0485553/
Champion,2002,"['Back to top', 'Drama', 'Biography', 'Sport']",6.4,N/A,"$10,569,737","₩7,850,000,000 (estimated)",N/A,https://www.imdb.com/title/tt0325165/
You Are My Sunshine,2005,"['Back to top', 'Drama', 'Romance']",7.0,N/A,"$17,650,142",N/A,N/A,https://www.imdb.com/title/tt0479773/
Failan,2001,"['Back to top', 'Drama', 'Romance']",7.5,N/A,"$49,665",N/A,N/A,https://www.imdb.com/title/tt0289181/
Wet Dreams 2,2005,"['Back to top', 'Comedy']",4.7,N/A,"$6,155,013",N/A,N/A,https://www.imdb.com/title/tt0453161/
Sanchaeg,2000,"['Back to top', 'Drama']",6.0,N/A,N/A,N/A,N/A,https://www.imdb.com/title/tt0297377/
Oasis,2002,"['Back to top', 'Drama', 'Romance']",7.8,"$10,304","$6,697,119",N/A,"$6,485",https://www.imdb.com/title/tt0320193/
A Bittersweet Life,2005,"['Thriller', 'Back to top', 'Drama', 'Action', 'Crime']",7.5,N/A,"$10,080,808",N/A,N/A,https://www.imdb.com/title/tt0456912/
And Thereafter,2005,"['Documentary', 'Back to top']",7.9,N/A,N/A,N/A,N/A,https://www.imdb.com/title/tt0497016/
Kumite,2000,"['Back to top', 'Action', 'Drama']",5.1,N/A,N/A,N/A,N/A,https://www.imdb.com/title/tt0253193/
Crayon Shin-chan: Fierceness That Invites Storm! Yakiniku Road of Glory,2003,"['Adventure', 'Comedy', 'Anime', 'Back to top', 'Animation', 'Family']",6.6,N/A,N/A,N/A,N/A,https://www.imdb.com/title/tt1149379/
Save the Green Planet!,2003,"['Alien Invasion', 'Comedy', 'Thriller', 'Dark Comedy', 'Drama', 'Satire', 'Back to top', 'Sci-Fi', 'Horror', 'Crime']",7.2,"$15,516","$15,516",N/A,"$3,040",https://www.imdb.com/title/tt0354668/
3-Iron,2004,"['Back to top', 'Drama', 'Crime', 'Romance']",7.9,"$241,914","$3,403,957","$1,000,000 (estimated)","$20,084",https://www.imdb.com/title/tt0423866/
...ing,2003,"['Back to top', 'Drama', 'Romance']",7.2,N/A,N/A,N/A,N/A,https://www.imdb.com/title/tt0381838/
Bichunmoo,2000,"['Wuxia', 'Martial Arts', 'Drama', 'Back to top', 'Fantasy', 'Romance', 'Action']",6.1,N/A,N/A,"$4,000,000 (estimated)",N/A,https://www.imdb.com/title/tt0278351/
Happy Funeral Director,2000,"['Back to top', 'Comedy']",6.5,N/A,N/A,N/A,N/A,https://www.imdb.com/title/tt0263412/
Dance with the Wind,2004,"['Romance', 'Back to top', 'Comedy']",6.7,N/A,N/A,"$2,500,000 (estimated)",N/A,https://www.imdb.com/title/tt0400209/
Lover,2005,"['Back to top', 'Drama', 'Romance']",5.7,N/A,N/A,N/A,N/A,https://www.imdb.com/title/tt0492533/
North Korean Guys,2003,"['Back to top', 'Comedy']",5.7,N/A,N/A,N/A,N/A,https://www.imdb.com/title/tt0388003/
Untold Scandal,2003,"['Back to top', 'Drama', 'Costume Drama']",6.8,"$63,332","$5,762,801",N/A,"$6,015",https://www.imdb.com/title/tt0380689/
Repatriation,2003,"['Documentary', 'Back to top']",7.7,N/A,"$14,795",N/A,N/A,https://www.imdb.com/title/tt0390425/
DMZ,2004,"['Back to top', 'Drama', 'War']",4.5,N/A,N/A,"$2,500,000 (estimated)",N/A,https://www.imdb.com/title/tt0431715/
Chulsoo & Younghee,2005,"['Romance', 'Fantasy', 'Back to top', 'Comedy']",6.2,N/A,N/A,N/A,N/A,https://www.imdb.com/title/tt0468693/
Harpy,2000,"['Back to top', 'Horror']",3.9,N/A,N/A,N/A,N/A,https://www.imdb.com/title/tt0293217/
Springtime,2004,"['Back to top', 'Drama']",7.1,N/A,N/A,N/A,N/A,https://www.imdb.com/title/tt0420646/
The Hypnotized,2004,"['Thriller', 'Romance', 'Back to top', 'Mystery']",5.8,N/A,N/A,N/A,N/A,https://www.imdb.com/title/tt0419730/
I Love You,2001,"['Back to top', 'Romance']",6.3,N/A,N/A,N/A,N/A,https://www.imdb.com/title/tt0294638/
Cello,2005,"['Back to top', 'Mystery', 'Horror']",5.9,N/A,"$52,297",N/A,N/A,https://www.imdb.com/title/tt0475532/
Eum-ma,2005,"['Back to top', 'Drama']",6.3,N/A,N/A,N/A,N/A,https://www.imdb.com/title/tt0430352/
The SpongeBob SquarePants Movie,2004,"['Adventure', 'Comedy', 'Back to top', 'Hand-Drawn Animation', 'Sea Adventure', 'Animation', 'Family', 'Slapstick', 'Fantasy', 'Buddy Comedy']",7.2,"$85,417,988","$141,067,695","$30,000,000 (estimated)","$32,018,216",https://www.imdb.com/title/tt0345950/
"My Mother, the Mermaid",2004,"['Back to top', 'Fantasy', 'Drama', 'Romance']",6.6,N/A,N/A,N/A,N/A,https://www.imdb.com/title/tt0417782/
Shinhon yeohaeng,2000,"['Thriller', 'Back to top', 'Comedy']",4.3,N/A,N/A,N/A,N/A,https://www.imdb.com/title/tt0380713/
Les enfants de la pluie,2003,"['Back to top', 'Fantasy', 'Animation', 'Adventure']",6.8,N/A,"$1,449,658",N/A,N/A,https://www.imdb.com/title/tt0296619/
The Road Taken,2003,"['Back to top', 'Drama']",6.9,N/A,N/A,N/A,N/A,https://www.imdb.com/title/tt0381577/
Booking Sonata,2001,"['Back to top', 'Action', 'Drama', 'Romance']",3.7,N/A,N/A,N/A,N/A,https://www.imdb.com/title/tt0350644/
The Rhapsody,2001,"['Action', 'Back to top']",5.9,N/A,N/A,N/A,N/A,https://www.imdb.com/title/tt0296660/
The Humanist,2001,"['Comedy', 'Thriller', 'Dark Comedy', 'Back to top', 'Drama']",6.0,N/A,N/A,N/A,N/A,https://www.imdb.com/title/tt0293266/
The Circle,2003,"['Thriller', 'Back to top']",5.1,N/A,N/A,N/A,N/A,https://www.imdb.com/title/tt0383271/
"My Boss, My Hero",2001,"['Back to top', 'Action', 'Crime', 'Comedy']",6.2,N/A,"$99,128",N/A,N/A,https://www.imdb.com/title/tt0301214/
Pororo to the Cookie Castle,2004,"['Animation', 'Back to top']",6.2,N/A,N/A,N/A,N/A,https://www.imdb.com/title/tt7604438/
Bungee Jumping of Their Own,2001,"['Back to top', 'Drama', 'Romance']",6.9,N/A,N/A,N/A,N/A,https://www.imdb.com/title/tt0276818/
The Twins,2005,"['Back to top', 'Crime', 'Comedy']",5.5,N/A,"$3,445,824",N/A,N/A,https://www.imdb.com/title/tt0464760/
Jaemitneun yeonghwa,2002,"['Action', 'Back to top', 'Parody', 'Comedy']",5.4,N/A,"$5,704,616",N/A,N/A,https://www.imdb.com/title/tt0314218/
Jugeulrae salrae,2003,"['Action', 'Back to top', 'Comedy']",3.1,N/A,N/A,N/A,N/A,https://www.imdb.com/title/tt0349663/
Wet Dreams,2002,"['Back to top', 'Comedy']",5.4,N/A,"$13,936,317",N/A,N/A,https://www.imdb.com/title/tt0341476/
"No Blood, No Tears",2002,"['Comedy', 'Back to top', 'Drama', 'Action', 'Crime']",6.1,N/A,"$2,860,794",N/A,N/A,https://www.imdb.com/title/tt0310000/
Jang Seonu byeonjugok,2001,"['Documentary', 'Back to top']",7.8,N/A,N/A,N/A,N/A,https://www.imdb.com/title/tt0274579/
Ice Rain,2004,"['Back to top', 'Drama', 'Adventure', 'Romance']",5.5,N/A,N/A,N/A,N/A,https://www.imdb.com/title/tt0389805/
April Snow,2005,"['Back to top', 'Drama', 'Romance']",6.6,N/A,"$24,873,159",N/A,N/A,https://www.imdb.com/title/tt0448663/
So Cute,2004,"['Back to top', 'Drama', 'Comedy']",4.1,N/A,N/A,N/A,N/A,https://www.imdb.com/title/tt0368769/
If,2000,"['Back to top', 'Drama', 'Romance']",4.6,N/A,N/A,N/A,N/A,https://www.imdb.com/title/tt0375827/
The Scarlet Letter,2004,"['Romance', 'Thriller', 'Drama', 'Back to top', 'Mystery', 'Erotic Thriller']",6.3,N/A,N/A,N/A,N/A,https://www.imdb.com/title/tt0427411/
Art of Seduction,2005,"['Romance', 'Back to top', 'Comedy']",6.0,N/A,"$14,152,879",N/A,N/A,https://www.imdb.com/title/tt0492650/
Host & Guest,2005,"['Back to top', 'Drama']",7.3,N/A,"$37,130",N/A,N/A,https://www.imdb.com/title/tt0765500/
Saseul,2000,"['Thriller', 'Back to top']",4.9,N/A,N/A,N/A,N/A,https://www.imdb.com/title/tt0307412/
Barking Dogs Never Bite,2000,"['Comedy', 'Dark Comedy', 'Back to top', 'Drama', 'Slapstick']",6.9,N/A,"$45,853",N/A,N/A,https://www.imdb.com/title/tt0269743/
Ditto,2000,"['Back to top', 'Sci-Fi', 'Drama', 'Romance']",7.0,N/A,N/A,N/A,N/A,https://www.imdb.com/title/tt0270919/
Silence Broken: Korean Comfort Women,2000,"['Documentary', 'Back to top']",8.2,N/A,N/A,N/A,N/A,https://www.imdb.com/title/tt0338433/
Ark,2005,"['Drama', 'Back to top', 'Sci-Fi', 'Animation', 'Computer Animation', 'Action']",5.9,N/A,N/A,N/A,N/A,https://www.imdb.com/title/tt0473435/
Some,2004,"['Back to top', 'Action', 'Crime', 'Mystery']",6.0,N/A,N/A,N/A,N/A,https://www.imdb.com/title/tt0424448/
Jealousy Is My Middle Name,2002,"['Back to top', 'Drama', 'Romance']",6.4,N/A,N/A,N/A,N/A,https://www.imdb.com/title/tt0352464/
Oldboy,2003,"['Psychological Thriller', 'Thriller', 'Dark Comedy', 'One-Person Army Action', 'Drama', 'Back to top', 'Mystery', 'Action', 'Psychological Drama']",8.3,"$2,458,200","$17,592,355","$3,000,000 (estimated)","$68,957",https://www.imdb.com/title/tt0364569/
Marrying the Mafia,2002,"['Back to top', 'Romance', 'Crime', 'Comedy']",6.0,N/A,"$61,583",N/A,N/A,https://www.imdb.com/title/tt0330316/
"Jenny, Juno",2005,"['Back to top', 'Comedy']",6.3,N/A,"$1,575,871",N/A,N/A,https://www.imdb.com/title/tt0453115/
The Legend of Gingko,2000,"['Back to top', 'Action', 'Adventure', 'Romance']",5.3,N/A,N/A,N/A,N/A,https://www.imdb.com/title/tt0297071/
Love Impossible,2003,"['Back to top', 'Drama', 'Romance']",4.6,N/A,N/A,N/A,N/A,https://www.imdb.com/title/tt0368888/
Wonderful Days,2003,"['Adventure', 'Back to top', 'Cyberpunk', 'Animation', 'Adult Animation', 'Fantasy', 'Sci-Fi', 'Action', 'Dystopian Sci-Fi']",6.6,"$74,663","$197,221","$9,750,000 (estimated)","$3,022",https://www.imdb.com/title/tt0353014/
Never to Lose,2005,"['Back to top', 'Thriller', 'Action', 'Drama']",5.5,N/A,"$5,129,751",N/A,N/A,https://www.imdb.com/title/tt0483918/
Tae Guk Gi: The Brotherhood of War,2004,"['Back to top', 'Action', 'Drama', 'War']",8.0,"$1,111,061","$81,407,286","$12,800,000 (estimated)","$260,135",https://www.imdb.com/title/tt0386064/
Voice,2005,"['Back to top', 'Horror']",6.2,N/A,"$2,933,433",N/A,N/A,https://www.imdb.com/title/tt0470967/
Rugrats Go Wild,2003,"['Adventure', 'Comedy', 'Back to top', 'Hand-Drawn Animation', 'Animation', 'Family', 'Fantasy', 'Musical']",5.6,"$39,402,572","$55,250,496","$25,000,000 (estimated)","$11,556,869",https://www.imdb.com/title/tt0337711/
Red Eye,2004,"['Back to top', 'Horror']",4.7,N/A,"$693,832",N/A,N/A,https://www.imdb.com/title/tt0448707/
Nadooya kanda,2004,"['Back to top', 'Comedy']",5.9,N/A,N/A,N/A,N/A,https://www.imdb.com/title/tt0435217/
Rikidozan: A Hero Extraordinary,2004,"['Back to top', 'Drama', 'Biography', 'Sport']",6.7,N/A,"$7,505,881",N/A,N/A,https://www.imdb.com/title/tt0435931/
Saulabi,2002,"['Action', 'Back to top', 'War']",4.6,N/A,N/A,N/A,N/A,https://www.imdb.com/title/tt0301808/
Marriage is a Crazy Thing,2002,"['Back to top', 'Drama', 'Romance']",6.9,N/A,"$6,558,851",N/A,N/A,https://www.imdb.com/title/tt0315930/
Oh! Brothers,2003,"['Back to top', 'Drama', 'Family', 'Comedy']",5.9,N/A,N/A,N/A,N/A,https://www.imdb.com/title/tt0376018/
The Abrafaxe: Under the Black Flag,2001,"['Adventure', 'Comedy', 'Back to top', 'Animation', 'Family']",5.7,N/A,"$675,025",N/A,N/A,https://www.imdb.com/title/tt0295152/
Don't Tell Papa,2004,"['Back to top', 'Drama', 'Comedy']",5.5,N/A,N/A,N/A,N/A,https://www.imdb.com/title/tt0385511/
The Windmill Palm Grove,2005,"['Back to top', 'Drama', 'Romance']",7.0,N/A,N/A,N/A,N/A,https://www.imdb.com/title/tt0479689/
Road Movie,2002,"['Back to top', 'Drama', 'Romance']",6.5,N/A,"$100,500",N/A,N/A,https://www.imdb.com/title/tt0334245/
Gudseura Geum-suna,2002,"['Back to top', 'Drama', 'Comedy']",6.4,N/A,"$535,850","$1,800,000 (estimated)",N/A,https://www.imdb.com/title/tt0333526/
Mapado,2005,"['Back to top', 'Drama', 'Adventure', 'Comedy']",6.0,N/A,"$19,286,223",N/A,N/A,https://www.imdb.com/title/tt0479709/
My Boyfriend Is Type-B,2005,"['Romance', 'Back to top', 'Comedy']",5.6,N/A,"$7,576,904",N/A,N/A,https://www.imdb.com/title/tt0452972/
Say Yes,2001,"['Thriller', 'Back to top', 'Drama', 'Romance', 'Crime']",5.6,N/A,N/A,N/A,N/A,https://www.imdb.com/title/tt0293573/
Mongjungin,2002,"['Back to top', 'Drama']",6.7,N/A,N/A,N/A,N/A,https://www.imdb.com/title/tt0312976/
Il Mare,2000,"['Back to top', 'Fantasy', 'Drama', 'Romance']",7.5,N/A,"$225,223","$2,500,000 (estimated)",N/A,https://www.imdb.com/title/tt0282599/
Season in the Sun,2003,"['Back to top', 'Action', 'Drama', 'Family']",6.5,N/A,N/A,N/A,N/A,https://www.imdb.com/title/tt0352217/
Bad Guy,2001,"['Back to top', 'Drama', 'Romance']",6.6,N/A,"$62,100",N/A,N/A,https://www.imdb.com/title/tt0307213/
Road,2005,"['Back to top', 'Drama']",6.5,N/A,"$10,919",N/A,N/A,https://www.imdb.com/title/tt0783720/
Camel(s),2001,"['Back to top', 'Drama']",6.2,N/A,N/A,"$75,000 (estimated)",N/A,https://www.imdb.com/title/tt0332260/
Nightmare,2000,"['Thriller', 'Supernatural Horror', 'Back to top', 'Horror', 'Crime']",5.1,N/A,"$101,411",N/A,N/A,https://www.imdb.com/title/tt0269266/
Spider Forest,2004,"['Horror', 'Thriller', 'Back to top', 'Drama', 'Mystery']",6.5,N/A,N/A,N/A,N/A,https://www.imdb.com/title/tt0407821/
When Romance Meets Destiny,2005,"['Romance', 'Back to top', 'Comedy']",6.6,N/A,"$14,049,623",N/A,N/A,https://www.imdb.com/title/tt0488736/
Lover's Concerto,2002,"['Back to top', 'Drama', 'Romance']",7.1,N/A,"$9,230",N/A,N/A,https://www.imdb.com/title/tt0328675/
The Last Witness,2001,"['Mystery', 'Back to top', 'Drama', 'Romance', 'Action']",6.0,N/A,N/A,N/A,N/A,https://www.imdb.com/title/tt0297168/
Lee So-ryongeul chajalat,2002,"['Back to top', 'Action', 'Drama', 'Comedy']",3.1,N/A,N/A,N/A,N/A,https://www.imdb.com/title/tt0308494/
The Red Shoes,2005,"['Back to top', 'Thriller', 'Mystery', 'Horror']",5.7,N/A,"$7,853,740",N/A,N/A,https://www.imdb.com/title/tt0468683/
Romantic Warriors,2003,"['Martial Arts', 'Romance', 'Comedy', 'Back to top', 'Fantasy', 'Horror', 'Action']",4.4,N/A,N/A,N/A,N/A,https://www.imdb.com/title/tt0385115/
The Butterfly,2001,"['Sci-Fi', 'Back to top']",6.0,N/A,N/A,N/A,N/A,https://www.imdb.com/title/tt0293442/
Mokpo the Harbor,2004,"['Action', 'Back to top', 'Comedy']",5.4,N/A,N/A,N/A,N/A,https://www.imdb.com/title/tt0396736/
Love in Magic,2005,"['Romance', 'Back to top', 'Comedy']",6.2,N/A,"$6,830,664",N/A,N/A,https://www.imdb.com/title/tt0464761/
Conduct Zero,2002,"['Romance', 'Back to top', 'Comedy']",6.5,N/A,"$9,837,044",N/A,N/A,https://www.imdb.com/title/tt0341535/
Surprise Party,2002,"['Romance', 'Back to top', 'Comedy']",5.9,N/A,"$1,790,131",N/A,N/A,https://www.imdb.com/title/tt0324123/
Liar,2004,"['Back to top', 'Comedy']",6.5,N/A,N/A,N/A,N/A,https://www.imdb.com/title/tt0405101/
Choihui mancheon,2003,"['Back to top', 'Comedy']",5.3,N/A,N/A,N/A,N/A,https://www.imdb.com/title/tt0383269/
Daddy-Long-Legs,2005,"['Back to top', 'Romance', 'Drama', 'Comedy']",6.3,N/A,"$2,534,233",N/A,N/A,https://www.imdb.com/title/tt0453125/
Shit Up!,2004,"['Back to top', 'Comedy']",5.3,N/A,N/A,N/A,N/A,https://www.imdb.com/title/tt0453127/
Welcome to Dongmakgol,2005,"['War', 'Back to top', 'Drama', 'Comedy']",7.6,N/A,"$32,065,527",N/A,N/A,https://www.imdb.com/title/tt0475783/
S Diary,2004,"['Romance', 'Back to top', 'Comedy']",6.0,N/A,N/A,N/A,N/A,https://www.imdb.com/title/tt0426196/
01412 pasasingeum,2000,"['Fantasy', 'Action', 'Back to top']",6.1,N/A,N/A,N/A,N/A,https://www.imdb.com/title/tt0294237/
Once Upon a Time in the Battlefield,2003,"['Back to top', 'Comedy']",5.7,N/A,N/A,N/A,N/A,https://www.imdb.com/title/tt0378078/
Sword in the Moon,2003,"['Back to top', 'Drama', 'Action', 'Adventure']",5.7,N/A,"$189,634",N/A,N/A,https://www.imdb.com/title/tt0370402/
"Au Revoir, UFO",2004,"['Back to top', 'Drama', 'Romance']",6.0,N/A,N/A,"$2,000,000 (estimated)",N/A,https://www.imdb.com/title/tt0395452/
Truth Game,2000,"['Thriller', 'Back to top', 'Mystery']",6.1,N/A,N/A,N/A,N/A,https://www.imdb.com/title/tt0314230/
Partition,2000,"['Back to top', 'Sci-Fi', 'Crime', 'Horror']",6.1,N/A,N/A,N/A,N/A,https://www.imdb.com/title/tt0389238/
"My Beautiful Girl, Mari",2002,"['Back to top', 'Fantasy', 'Animation', 'Drama']",6.5,N/A,"$58,798",N/A,N/A,https://www.imdb.com/title/tt0302758/
Diary of June,2005,"['Thriller', 'Back to top', 'Drama', 'Mystery', 'Crime']",6.2,N/A,"$3,867,958",N/A,N/A,https://www.imdb.com/title/tt0475557/
Aachi & Ssipak,2005,"['Comedy', 'Anime', 'Back to top', 'Animation', 'Sci-Fi', 'Action', 'Adult Animation', 'Crime']",6.7,N/A,"$579,717","$3,500,000 (estimated)",N/A,https://www.imdb.com/title/tt0972542/
Low Life,2004,"['Back to top', 'Drama', 'Action', 'Crime']",6.0,N/A,N/A,N/A,N/A,https://www.imdb.com/title/tt0403100/
Libera me,2000,"['Back to top', 'Action', 'Drama']",5.7,N/A,N/A,"$4,000,000 (estimated)",N/A,https://www.imdb.com/title/tt0289278/
Jungle Juice,2002,"['Action', 'Back to top', 'Comedy']",5.5,N/A,"$3,868,090",N/A,N/A,https://www.imdb.com/title/tt0311373/
Volcano High,2001,"['Comedy', 'Back to top', 'Fantasy', 'Slapstick', 'Action']",5.9,N/A,"$268,489",N/A,N/A,https://www.imdb.com/title/tt0301429/
Ogu: A Hilarious Mourning,2003,"['Back to top', 'Drama', 'Comedy']",6.2,N/A,N/A,N/A,N/A,https://www.imdb.com/title/tt0387461/
Kick the Moon,2001,"['Back to top', 'Drama', 'Comedy']",6.5,N/A,N/A,N/A,N/A,https://www.imdb.com/title/tt0294916/
Shin Suk-ki blues,2004,"['Back to top', 'Drama', 'Comedy']",6.1,N/A,"$1,885,655",N/A,N/A,https://www.imdb.com/title/tt0440798/
If You Were Me,2003,"['Back to top', 'Drama']",6.4,N/A,N/A,N/A,N/A,https://www.imdb.com/title/tt0391539/
Faceless Things,2005,"['Back to top', 'Drama']",6.7,N/A,N/A,N/A,N/A,https://www.imdb.com/title/tt3384800/
Seven Swords,2005,"['Wuxia', 'Martial Arts', 'Adventure', 'Back to top', 'Fantasy', 'Action']",6.1,N/A,"$3,473,290","HK$140,000,000 (estimated)",N/A,https://www.imdb.com/title/tt0429078/
T'choupi,2004,"['Back to top', 'Animation', 'Family']",6.5,N/A,"$811,316",N/A,N/A,https://www.imdb.com/title/tt0348878/
Spin Kick,2004,"['Action', 'Back to top', 'Comedy']",6.0,N/A,N/A,N/A,N/A,https://www.imdb.com/title/tt0406713/
Sex of Magic,2002,"['Back to top', 'Romance', 'Drama', 'Comedy']",4.7,N/A,"$154,567",N/A,N/A,https://www.imdb.com/title/tt0336792/
KT,2002,"['Back to top', 'Thriller', 'Action', 'Drama']",6.2,N/A,"$31,204",N/A,N/A,https://www.imdb.com/title/tt0309751/
A Perfect Match,2002,"['Romance', 'Back to top', 'Comedy']",5.7,N/A,"$2,625,603",N/A,N/A,https://www.imdb.com/title/tt0326992/
The King and the Clown,2005,"['Back to top', 'Drama', 'History']",7.3,N/A,"$74,539,870",N/A,N/A,https://www.imdb.com/title/tt0492835/
Godoki momburim childae,2004,"['Romance', 'Back to top', 'Comedy']",5.6,N/A,N/A,N/A,N/A,https://www.imdb.com/title/tt0398082/
Yuadogjon,2002,"['Back to top', 'Romance', 'Drama', 'Comedy']",4.8,N/A,N/A,N/A,N/A,https://www.imdb.com/title/tt0341667/
A Tale of Two Sisters,2003,"['Tragedy', 'Horror', 'Thriller', 'Drama', 'Back to top', 'Mystery', 'Suspense Mystery']",7.1,"$72,541","$1,080,087",N/A,"$1,060",https://www.imdb.com/title/tt0365376/
Break Out,2002,"['Action', 'Back to top', 'Comedy']",6.2,N/A,"$7,680,210",N/A,N/A,https://www.imdb.com/title/tt0325743/
A Letter from Mars,2003,"['Back to top', 'Drama', 'Romance']",5.8,N/A,$959,N/A,N/A,https://www.imdb.com/title/tt0358528/
Clementine,2004,"['Back to top', 'Action', 'Drama']",3.0,N/A,N/A,"$2,300,000 (estimated)",N/A,https://www.imdb.com/title/tt0406661/
"I'm a Cyborg, But That's OK",2006,"['Back to top', 'Romance', 'Drama', 'Comedy']",6.9,N/A,"$4,642,401",N/A,N/A,https://www.imdb.com/title/tt0497137/
Digital Short Films by Three Filmmakers 2004,2004,"['Back to top', 'Romance', 'Drama', 'Comedy']",5.8,N/A,N/A,N/A,N/A,https://www.imdb.com/title/tt0874886/
This Is Law,2001,"['Back to top', 'Action', 'Crime']",5.0,N/A,N/A,N/A,N/A,https://www.imdb.com/title/tt0301437/
My Tutor Friend,2003,"['Romance', 'Action', 'Back to top', 'Comedy']",6.5,N/A,"$17,896,209",N/A,N/A,https://www.imdb.com/title/tt0348591/
A Boy Who Went to Heaven,2005,"['Back to top', 'Romance']",6.4,N/A,"$949,293",N/A,N/A,https://www.imdb.com/title/tt0488031/
Green Chair,2005,"['Back to top', 'Drama', 'Romance']",6.1,N/A,N/A,"$1,500,000 (estimated)",N/A,https://www.imdb.com/title/tt0436639/
Bus Stop,2002,"['Back to top', 'Drama', 'Romance']",6.1,N/A,N/A,N/A,N/A,https://www.imdb.com/title/tt0310826/
A Bizarre Love Triangle,2002,"['Back to top', 'Comedy']",5.3,N/A,N/A,N/A,N/A,https://www.imdb.com/title/tt0340044/
My Beautiful Days,2001,"['Back to top', 'Drama', 'Romance']",7.0,N/A,N/A,N/A,N/A,https://www.imdb.com/title/tt0312308/
Summertime,2001,"['Back to top', 'Thriller', 'Drama']",5.3,N/A,N/A,N/A,N/A,https://www.imdb.com/title/tt0297414/
All for Love,2005,"['Back to top', 'Romance', 'Drama', 'Comedy']",6.7,N/A,N/A,N/A,N/A,https://www.imdb.com/title/tt0479724/
Face,2004,"['Back to top', 'Drama', 'Horror']",5.6,"$108,151","$162,717","$4,000,000 (estimated)","$12,366",https://www.imdb.com/title/tt0409947/
Arahan,2004,"['Fantasy', 'Action', 'Back to top', 'Comedy']",6.5,N/A,"$39,707","$4,500,000 (estimated)",N/A,https://www.imdb.com/title/tt0404777/
Hi! Dharma 2: Showdown in Seoul,2004,"['Back to top', 'Drama', 'Comedy']",5.5,N/A,N/A,N/A,N/A,https://www.imdb.com/title/tt0411263/
To Catch a Virgin Ghost,2004,"['Back to top', 'Horror', 'Crime', 'Comedy']",6.4,N/A,"$2,119",N/A,N/A,https://www.imdb.com/title/tt0420183/
Too Beautiful to Lie,2004,"['Romance', 'Back to top', 'Comedy']",7.0,N/A,"$778,400",N/A,N/A,https://www.imdb.com/title/tt0390042/
Mutt Boy,2003,"['Back to top', 'Drama']",6.1,N/A,N/A,N/A,N/A,https://www.imdb.com/title/tt0369357/
A Little Monk,2002,"['Back to top', 'Family']",6.7,N/A,N/A,N/A,N/A,https://www.imdb.com/title/tt0346887/
Hera Purple,2001,"['Thriller', 'Back to top', 'Horror']",4.3,"$4,123","$4,123",N/A,"$1,926",https://www.imdb.com/title/tt0298361/
Mr Butterfly,2003,"['Action', 'Back to top']",5.5,N/A,N/A,N/A,N/A,https://www.imdb.com/title/tt0360821/
The Anarchists,2000,"['Thriller', 'Action', 'Back to top']",5.6,N/A,N/A,N/A,N/A,https://www.imdb.com/title/tt0280427/
All Tomorrow's Parties,2003,"['Back to top', 'Sci-Fi', 'Drama']",5.7,N/A,N/A,N/A,N/A,https://www.imdb.com/title/tt0384804/
Possible Changes,2004,"['Back to top', 'Drama']",6.0,N/A,N/A,N/A,N/A,https://www.imdb.com/title/tt0407815/
